{"main":"american-flights-one-api.raml","name":"American Flights ONE API","classifier":"raml","tags":[],"dependencies":[{"groupId":"68ef9520-24e9-4cf2-b2f5-620025690913","assetId":"training-american-flight-data-type","version":"1.0.1"},{"groupId":"68ef9520-24e9-4cf2-b2f5-620025690913","assetId":"training-american-flights-example","version":"1.0.1"}],"groupId":"41dfe629-11ad-47c7-9dd9-82d320f72ca9","assetId":"american-flights-one-api","version":"1.0.2","apiVersion":"v1","originalFormatVersion":"1.0"}